{"initial_reset_timestamp": 1639551524.8463607, "timestamps": [1639551530.0241065], "episode_lengths": [286], "episode_rewards": [94.69599974298475], "episode_types": ["t"]}